parcel	section	section_num	lh_R	lh_G	lh_B	rh_R	rh_G	rh_B	s_R	s_G	s_B	Parcel Number
V1	Primary_Visual_Cortex	1	0.247059	0.0196078	1	0.243137	0	1	0	0	0.501961	1
MST	MT+_Complex_and_Neighboring_Visual_Areas	5	0.211765	0.403922	0.505882	0.196078	0.439216	0.501961	0.12549	0.501961	0.501961	2
V6	Dorsal_Stream_Visual_Cortex	3	0.243137	0.305882	0.698039	0.262745	0.352941	0.705882	0.501961	0.501961	1	3
V2	Early_Visual_Cortex	2	0.0901961	0.196078	0.913725	0.105882	0.219608	0.917647	0	0	1	4
V3	Early_Visual_Cortex	2	0.0588235	0.156863	0.886275	0.0745098	0.172549	0.909804	0	0	1	5
V4	Early_Visual_Cortex	2	0.054902	0.109804	0.839216	0.0666667	0.184314	0.862745	0	0	1	6
V8	Ventral_Stream_Visual_Cortex	4	0.101961	0.184314	0.788235	0.0901961	0.266667	0.823529	0.376471	0	0.752941	7
4	Somatosensory_and_Motor_Cortex	6	0.129412	0.698039	0.0784314	0.121569	0.729412	0.101961	0	1	0	8
3b	Somatosensory_and_Motor_Cortex	6	0.137255	0.803922	0.0823529	0.156863	0.772549	0.0941176	0	1	0	9
FEF	Premotor_Cortex	8	0.52549	0.560784	0.537255	0.537255	0.607843	0.588235	0.501961	1	0.501961	10
PEF	Premotor_Cortex	8	0.552941	0.65098	0.596078	0.615686	0.713726	0.654902	0.501961	1	0.501961	11
55b	Premotor_Cortex	8	0.243137	0.345098	0.184314	0.411765	0.419608	0.290196	0.501961	1	0.501961	12
V3A	Dorsal_Stream_Visual_Cortex	3	0.027451	0.223529	0.964706	0.0745098	0.282353	0.968627	0.501961	0.501961	1	13
RSC	Posterior_Cingulate	18	0.6	0.25098	0.521569	0.584314	0.270588	0.533333	0.501961	0.12549	0.376471	14
POS2	Posterior_Cingulate	18	0.729412	0.337255	0.737255	0.803922	0.435294	0.803922	0.501961	0.12549	0.376471	15
V7	Dorsal_Stream_Visual_Cortex	3	0.0705882	0.27451	0.764706	0.109804	0.376471	0.752941	0.501961	0.501961	1	16
IPS1	Dorsal_Stream_Visual_Cortex	3	0.223529	0.447059	0.627451	0.247059	0.552941	0.686275	0.501961	0.501961	1	17
FFC	Ventral_Stream_Visual_Cortex	4	0.223529	0.34902	0.458824	0.203922	0.423529	0.478431	0.376471	0	0.752941	18
V3B	Dorsal_Stream_Visual_Cortex	3	0.0980392	0.184314	0.807843	0.156863	0.313726	0.870588	0.501961	0.501961	1	19
LO1	MT+_Complex_and_Neighboring_Visual_Areas	5	0	0.192157	0.721569	0.0509804	0.262745	0.784314	0.12549	0.501961	0.501961	20
LO2	MT+_Complex_and_Neighboring_Visual_Areas	5	0.0705882	0.129412	0.709804	0.0745098	0.258824	0.713726	0.12549	0.501961	0.501961	21
PIT	Ventral_Stream_Visual_Cortex	4	0.133333	0.168627	0.670588	0.145098	0.290196	0.721569	0.376471	0	0.752941	22
MT	MT+_Complex_and_Neighboring_Visual_Areas	5	0.121569	0.337255	0.407843	0.121569	0.388235	0.423529	0.12549	0.501961	0.501961	23
A1	Early_Auditory_Cortex	10	0.921569	0.0745098	0.184314	0.909804	0.0392157	0.180392	1	0	0	24
PSL	Temporal-Parietal-Occipital_Junction	15	0.478431	0.309804	0.219608	0.741176	0.580392	0.533333	0.752941	0.376471	0.12549	25
SFL	DorsoLateral_Prefrontal_Cortex	22	0.121569	0.192157	0.0862745	0.258824	0.235294	0.184314	0.878431	0.752941	0.752941	26
PCV	Posterior_Cingulate	18	0.541176	0.501961	0.6	0.509804	0.572549	0.615686	0.501961	0.12549	0.376471	27
STV	Temporal-Parietal-Occipital_Junction	15	0.556863	0.341176	0.298039	0.545098	0.45098	0.415686	0.752941	0.376471	0.12549	28
7Pm	Superior_Parietal_and_IPS	16	0.584314	0.709804	0.737255	0.6	0.835294	0.772549	0	1	0.752941	29
7m	Posterior_Cingulate	18	0.164706	0.121569	0.172549	0.184314	0.188235	0.207843	0.501961	0.12549	0.376471	30
POS1	Posterior_Cingulate	18	0.317647	0.211765	0.384314	0.32549	0.32549	0.462745	0.501961	0.12549	0.376471	31
23d	Posterior_Cingulate	18	0.498039	0.219608	0.356863	0.529412	0.219608	0.384314	0.501961	0.12549	0.376471	32
v23ab	Posterior_Cingulate	18	0.113725	0	0.054902	0.101961	0.0431373	0.0980392	0.501961	0.12549	0.376471	33
d23ab	Posterior_Cingulate	18	0.247059	0.0666667	0.184314	0.235294	0.0627451	0.172549	0.501961	0.12549	0.376471	34
31pv	Posterior_Cingulate	18	0.211765	0.0431373	0.164706	0.266667	0.0666667	0.196078	0.501961	0.12549	0.376471	35
5m	Paracentral_Lobular_and_Mid_Cingulate_Cortex	7	0.188235	0.639216	0.188235	0.168627	0.694118	0.192157	0.752941	1	0.501961	36
5mv	Paracentral_Lobular_and_Mid_Cingulate_Cortex	7	0.6	0.67451	0.533333	0.545098	0.647059	0.505882	0.752941	1	0.501961	37
23c	Posterior_Cingulate	18	0.803922	0.745098	0.760784	0.803922	0.772549	0.764706	0.501961	0.12549	0.376471	38
5L	Paracentral_Lobular_and_Mid_Cingulate_Cortex	7	0.25098	0.603922	0.25098	0.25098	0.639216	0.262745	0.752941	1	0.501961	39
24dd	Paracentral_Lobular_and_Mid_Cingulate_Cortex	7	0.270588	0.631373	0.172549	0.270588	0.654902	0.188235	0.752941	1	0.501961	40
24dv	Paracentral_Lobular_and_Mid_Cingulate_Cortex	7	0.466667	0.623529	0.258824	0.439216	0.631373	0.258824	0.752941	1	0.501961	41
7AL	Superior_Parietal_and_IPS	16	0.45098	0.760784	0.52549	0.443137	0.733333	0.478431	0	1	0.752941	42
SCEF	Paracentral_Lobular_and_Mid_Cingulate_Cortex	7	0.431373	0.572549	0.337255	0.552941	0.6	0.435294	0.752941	1	0.501961	43
6ma	Paracentral_Lobular_and_Mid_Cingulate_Cortex	7	0.564706	0.701961	0.529412	0.588235	0.690196	0.545098	0.752941	1	0.501961	44
7Am	Superior_Parietal_and_IPS	16	0.721569	0.952941	0.878431	0.662745	0.976471	0.847059	0	1	0.752941	45
7PL	Superior_Parietal_and_IPS	16	0.662745	0.964706	0.929412	0.603922	0.992157	0.890196	0	1	0.752941	46
7PC	Superior_Parietal_and_IPS	16	0.266667	0.694118	0.423529	0.278431	0.713726	0.415686	0	1	0.752941	47
LIPv	Superior_Parietal_and_IPS	16	0.247059	0.443137	0.619608	0.239216	0.505882	0.670588	0	1	0.752941	48
VIP	Superior_Parietal_and_IPS	16	0.196078	0.505882	0.537255	0.211765	0.537255	0.576471	0	1	0.752941	49
MIP	Superior_Parietal_and_IPS	16	0.533333	0.807843	0.8	0.494118	0.823529	0.772549	0	1	0.752941	50
1	Somatosensory_and_Motor_Cortex	6	0.0784314	0.74902	0.14902	0.109804	0.780392	0.172549	0	1	0	51
2	Somatosensory_and_Motor_Cortex	6	0.188235	0.690196	0.243137	0.2	0.72549	0.270588	0	1	0	52
3a	Somatosensory_and_Motor_Cortex	6	0.184314	0.847059	0.0862745	0.172549	0.882353	0.113725	0	1	0	53
6d	Premotor_Cortex	8	0.101961	0.619608	0.12549	0.121569	0.647059	0.160784	0.501961	1	0.501961	54
6mp	Paracentral_Lobular_and_Mid_Cingulate_Cortex	7	0.25098	0.623529	0.14902	0.262745	0.639216	0.184314	0.752941	1	0.501961	55
6v	Premotor_Cortex	8	0.278431	0.658824	0.196078	0.34902	0.72549	0.258824	0.501961	1	0.501961	56
p24pr	Anterior_Cingulate	19	0.572549	0.533333	0.419608	0.596078	0.580392	0.470588	0.376471	0.25098	0.12549	57
33pr	Anterior_Cingulate	19	0.505882	0.415686	0.403922	0.458824	0.376471	0.380392	0.376471	0.25098	0.12549	58
a24pr	Anterior_Cingulate	19	0.690196	0.521569	0.509804	0.690196	0.52549	0.517647	0.376471	0.25098	0.12549	59
p32pr	Anterior_Cingulate	19	0.639216	0.556863	0.47451	0.690196	0.584314	0.52549	0.376471	0.25098	0.12549	60
a24	Anterior_Cingulate	19	0.262745	0.0470588	0.0980392	0.286275	0.0705882	0.14902	0.376471	0.25098	0.12549	61
d32	Anterior_Cingulate	19	0.352941	0.160784	0.196078	0.427451	0.180392	0.254902	0.376471	0.25098	0.12549	62
8BM	Anterior_Cingulate	19	0.411765	0.32549	0.317647	0.509804	0.321569	0.360784	0.376471	0.25098	0.12549	63
p32	Anterior_Cingulate	19	0.372549	0.12549	0.203922	0.439216	0.215686	0.313726	0.376471	0.25098	0.12549	64
10r	Anterior_Cingulate	19	0.0980392	0.0470588	0.00392157	0.101961	0.0156863	0.0313726	0.376471	0.25098	0.12549	65
47m	Orbital_and_Polar_Frontal_Cortex	20	0.376471	0.294118	0.258824	0.309804	0.203922	0.196078	0.752941	0.752941	0.752941	66
8Av	DorsoLateral_Prefrontal_Cortex	22	0.207843	0.211765	0.168627	0.309804	0.266667	0.254902	0.878431	0.752941	0.752941	67
8Ad	DorsoLateral_Prefrontal_Cortex	22	0.247059	0.262745	0.188235	0.215686	0.243137	0.172549	0.878431	0.752941	0.752941	68
9m	Anterior_Cingulate	19	0.168627	0.137255	0.0705882	0.168627	0.0980392	0.0745098	0.376471	0.25098	0.12549	69
8BL	DorsoLateral_Prefrontal_Cortex	22	0.133333	0.152941	0.0784314	0.137255	0.141176	0.0862745	0.878431	0.752941	0.752941	70
9p	DorsoLateral_Prefrontal_Cortex	22	0.14902	0.168627	0.109804	0.243137	0.207843	0.192157	0.878431	0.752941	0.752941	71
10d	Orbital_and_Polar_Frontal_Cortex	20	0.14902	0.137255	0.0941176	0.109804	0.0901961	0.0705882	0.752941	0.752941	0.752941	72
8C	DorsoLateral_Prefrontal_Cortex	22	0.396078	0.333333	0.329412	0.466667	0.34902	0.368627	0.878431	0.752941	0.752941	73
44	Inferior_Frontal_Cortex	21	0.345098	0.345098	0.243137	0.537255	0.4	0.368627	0.188235	0.12549	0.0627451	74
45	Inferior_Frontal_Cortex	21	0.235294	0.247059	0.164706	0.356863	0.258824	0.223529	0.188235	0.12549	0.0627451	75
47l	Inferior_Frontal_Cortex	21	0.2	0.192157	0.121569	0.2	0.101961	0.105882	0.188235	0.12549	0.0627451	76
a47r	Orbital_and_Polar_Frontal_Cortex	20	0.301961	0.298039	0.258824	0.321569	0.27451	0.270588	0.752941	0.752941	0.752941	77
6r	Premotor_Cortex	8	0.698039	0.839216	0.592157	0.74902	0.843137	0.639216	0.501961	1	0.501961	78
IFJa	Inferior_Frontal_Cortex	21	0.494118	0.466667	0.372549	0.541176	0.482353	0.407843	0.188235	0.12549	0.0627451	79
IFJp	Inferior_Frontal_Cortex	21	0.537255	0.627451	0.517647	0.509804	0.611765	0.533333	0.188235	0.12549	0.0627451	80
IFSp	Inferior_Frontal_Cortex	21	0.380392	0.384314	0.341176	0.486275	0.439216	0.435294	0.188235	0.12549	0.0627451	81
IFSa	Inferior_Frontal_Cortex	21	0.737255	0.788235	0.698039	0.831373	0.839216	0.768627	0.188235	0.12549	0.0627451	82
p9-46v	DorsoLateral_Prefrontal_Cortex	22	0.541176	0.584314	0.52549	0.584314	0.560784	0.537255	0.878431	0.752941	0.752941	83
46	DorsoLateral_Prefrontal_Cortex	22	0.811765	0.85098	0.784314	0.756863	0.835294	0.74902	0.878431	0.752941	0.752941	84
a9-46v	DorsoLateral_Prefrontal_Cortex	22	0.568627	0.439216	0.501961	0.694118	0.52549	0.607843	0.878431	0.752941	0.752941	85
9-46d	DorsoLateral_Prefrontal_Cortex	22	0.54902	0.458824	0.513726	0.627451	0.529412	0.592157	0.878431	0.752941	0.752941	86
9a	DorsoLateral_Prefrontal_Cortex	22	0.215686	0.203922	0.176471	0.25098	0.215686	0.215686	0.878431	0.752941	0.752941	87
10v	Anterior_Cingulate	19	0.054902	0.137255	0.054902	0	0.0705882	0.0156863	0.376471	0.25098	0.12549	88
a10p	Orbital_and_Polar_Frontal_Cortex	20	0.384314	0.294118	0.34902	0.407843	0.356863	0.439216	0.752941	0.752941	0.752941	89
10pp	Orbital_and_Polar_Frontal_Cortex	20	0.215686	0.243137	0.227451	0.164706	0.192157	0.2	0.752941	0.752941	0.752941	90
11l	Orbital_and_Polar_Frontal_Cortex	20	0.505882	0.415686	0.462745	0.415686	0.384314	0.423529	0.752941	0.752941	0.752941	91
13l	Orbital_and_Polar_Frontal_Cortex	20	0.321569	0.235294	0.270588	0.372549	0.333333	0.345098	0.752941	0.752941	0.752941	92
OFC	Orbital_and_Polar_Frontal_Cortex	20	0.156863	0.137255	0.121569	0.160784	0.14902	0.141176	0.752941	0.752941	0.752941	93
47s	Orbital_and_Polar_Frontal_Cortex	20	0.258824	0.137255	0.129412	0.254902	0.145098	0.14902	0.752941	0.752941	0.752941	94
LIPd	Superior_Parietal_and_IPS	16	0.607843	0.705882	0.792157	0.568627	0.733333	0.780392	0	1	0.752941	95
6a	Premotor_Cortex	8	0.47451	0.752941	0.533333	0.466667	0.784314	0.560784	0.501961	1	0.501961	96
i6-8	DorsoLateral_Prefrontal_Cortex	22	0.352941	0.384314	0.32549	0.419608	0.478431	0.419608	0.878431	0.752941	0.752941	97
s6-8	DorsoLateral_Prefrontal_Cortex	22	0.345098	0.360784	0.286275	0.388235	0.364706	0.32549	0.878431	0.752941	0.752941	98
43	Posterior_Operculum	9	0.568627	0.541176	0.25098	0.627451	0.552941	0.270588	0.501961	1	0	99
OP4	Posterior_Operculum	9	0.447059	0.615686	0.192157	0.466667	0.639216	0.192157	0.501961	1	0	100
OP1	Posterior_Operculum	9	0.388235	0.619608	0.137255	0.368627	0.603922	0.141176	0.501961	1	0	101
OP2-3	Posterior_Operculum	9	0.568627	0.498039	0.203922	0.537255	0.509804	0.207843	0.501961	1	0	102
52	Insular_Cortex	12	0.815686	0.282353	0.258824	0.776471	0.270588	0.239216	1	0.627451	0.752941	103
RI	Early_Auditory_Cortex	10	0.698039	0.239216	0.0901961	0.654902	0.337255	0.172549	1	0	0	104
PFcm	Posterior_Operculum	9	0.745098	0.564706	0.34902	0.709804	0.6	0.352941	0.501961	1	0	105
PoI2	Insular_Cortex	12	0.513726	0.486275	0.32549	0.494118	0.494118	0.337255	1	0.627451	0.752941	106
TA2	Auditory_Association_Cortex	11	0.509804	0.164706	0.105882	0.537255	0.168627	0.133333	0.501961	0	0	107
FOP4	Insular_Cortex	12	0.713726	0.580392	0.505882	0.8	0.619608	0.580392	1	0.627451	0.752941	108
MI	Insular_Cortex	12	0.615686	0.454902	0.415686	0.662745	0.509804	0.462745	1	0.627451	0.752941	109
Pir	Insular_Cortex	12	0.352941	0.258824	0.254902	0.203922	0.254902	0.294118	1	0.627451	0.752941	110
AVI	Insular_Cortex	12	0.552941	0.282353	0.32549	0.607843	0.317647	0.376471	1	0.627451	0.752941	111
AAIC	Insular_Cortex	12	0.333333	0.137255	0.172549	0.305882	0.164706	0.207843	1	0.627451	0.752941	112
FOP1	Posterior_Operculum	9	0.627451	0.6	0.345098	0.631373	0.552941	0.356863	0.501961	1	0	113
FOP3	Insular_Cortex	12	0.686275	0.537255	0.388235	0.729412	0.572549	0.443137	1	0.627451	0.752941	114
FOP2	Insular_Cortex	12	0.388235	0.611765	0.2	0.380392	0.639216	0.211765	1	0.627451	0.752941	115
PFt	Inferior_Parietal_Cortex	17	0.505882	0.870588	0.52549	0.407843	0.819608	0.458824	0.501961	0.501961	0.501961	116
AIP	Superior_Parietal_and_IPS	16	0.533333	0.862745	0.65098	0.517647	0.894118	0.67451	0	1	0.752941	117
EC	Medial_Temporal	13	0.192157	0.188235	0.137255	0.172549	0.2	0.14902	0.25098	0.188235	0.25098	118
PreS	Medial_Temporal	13	0.337255	0.223529	0.32549	0.32549	0.243137	0.352941	0.25098	0.188235	0.25098	119
H	Medial_Temporal	13	0.235294	0.223529	0.156863	0.231373	0.239216	0.172549	0.25098	0.188235	0.25098	120
ProS	Posterior_Cingulate	18	0.341176	0.231373	0.690196	0.333333	0.286275	0.698039	0.501961	0.12549	0.376471	121
PeEc	Medial_Temporal	13	0.239216	0.243137	0.2	0.203922	0.247059	0.2	0.25098	0.188235	0.25098	122
STGa	Auditory_Association_Cortex	11	0.227451	0.164706	0.101961	0.2	0.196078	0.121569	0.501961	0	0	123
PBelt	Early_Auditory_Cortex	10	0.764706	0.117647	0.0196078	0.752941	0.113725	0.0392157	1	0	0	124
A5	Auditory_Association_Cortex	11	0.388235	0.152941	0.0235294	0.431373	0.152941	0.0117647	0.501961	0	0	125
PHA1	Medial_Temporal	13	0.270588	0.196078	0.294118	0.235294	0.243137	0.305882	0.25098	0.188235	0.25098	126
PHA3	Medial_Temporal	13	0.376471	0.4	0.443137	0.298039	0.415686	0.447059	0.25098	0.188235	0.25098	127
STSda	Auditory_Association_Cortex	11	0.301961	0.2	0.133333	0.27451	0.219608	0.156863	0.501961	0	0	128
STSdp	Auditory_Association_Cortex	11	0.286275	0.223529	0.152941	0.364706	0.227451	0.188235	0.501961	0	0	129
STSvp	Auditory_Association_Cortex	11	0.278431	0.231373	0.223529	0.34902	0.192157	0.239216	0.501961	0	0	130
TGd	Lateral_Temporal_Cortex	14	0.137255	0.133333	0.0901961	0.121569	0.14902	0.109804	0.12549	0.12549	0.12549	131
TE1a	Lateral_Temporal_Cortex	14	0.0431373	0.054902	0	0.027451	0.0470588	0	0.12549	0.12549	0.12549	132
TE1p	Lateral_Temporal_Cortex	14	0.376471	0.4	0.368627	0.411765	0.427451	0.407843	0.12549	0.12549	0.12549	133
TE2a	Lateral_Temporal_Cortex	14	0.262745	0.25098	0.227451	0.254902	0.247059	0.231373	0.12549	0.12549	0.12549	134
TF	Lateral_Temporal_Cortex	14	0.25098	0.282353	0.219608	0.231373	0.317647	0.25098	0.12549	0.12549	0.12549	135
TE2p	Lateral_Temporal_Cortex	14	0.411765	0.501961	0.458824	0.372549	0.52549	0.470588	0.12549	0.12549	0.12549	136
PHT	Lateral_Temporal_Cortex	14	0.85098	0.988235	0.87451	0.760784	0.980392	0.831373	0.12549	0.12549	0.12549	137
PH	MT+_Complex_and_Neighboring_Visual_Areas	5	0.345098	0.513726	0.639216	0.27451	0.564706	0.65098	0.12549	0.501961	0.501961	138
TPOJ1	Temporal-Parietal-Occipital_Junction	15	0.490196	0.352941	0.25098	0.494118	0.392157	0.321569	0.752941	0.376471	0.12549	139
TPOJ2	Temporal-Parietal-Occipital_Junction	15	0.611765	0.635294	0.541176	0.541176	0.690196	0.560784	0.752941	0.376471	0.12549	140
TPOJ3	Temporal-Parietal-Occipital_Junction	15	0.47451	0.580392	0.568627	0.380392	0.607843	0.54902	0.752941	0.376471	0.12549	141
DVT	Posterior_Cingulate	18	0.470588	0.439216	0.745098	0.490196	0.537255	0.796078	0.501961	0.12549	0.376471	142
PGp	Inferior_Parietal_Cortex	17	0.607843	0.745098	0.894118	0.564706	0.839216	0.866667	0.501961	0.501961	0.501961	143
IP2	Inferior_Parietal_Cortex	17	0.690196	0.65098	0.682353	0.72549	0.709804	0.709804	0.501961	0.501961	0.501961	144
IP1	Inferior_Parietal_Cortex	17	0.462745	0.47451	0.501961	0.486275	0.482353	0.505882	0.501961	0.501961	0.501961	145
IP0	Inferior_Parietal_Cortex	17	0.439216	0.627451	0.811765	0.419608	0.701961	0.843137	0.501961	0.501961	0.501961	146
PFop	Inferior_Parietal_Cortex	17	0.733333	0.803922	0.568627	0.666667	0.788235	0.533333	0.501961	0.501961	0.501961	147
PF	Inferior_Parietal_Cortex	17	1	1	0.886275	1	1	0.866667	0.501961	0.501961	0.501961	148
PFm	Inferior_Parietal_Cortex	17	0.521569	0.411765	0.447059	0.627451	0.486275	0.52549	0.501961	0.501961	0.501961	149
PGi	Inferior_Parietal_Cortex	17	0.207843	0.243137	0.180392	0.211765	0.243137	0.192157	0.501961	0.501961	0.501961	150
PGs	Inferior_Parietal_Cortex	17	0.243137	0.262745	0.223529	0.34902	0.309804	0.298039	0.501961	0.501961	0.501961	151
V6A	Dorsal_Stream_Visual_Cortex	3	0.160784	0.34902	0.65098	0.196078	0.392157	0.666667	0.501961	0.501961	1	152
VMV1	Ventral_Stream_Visual_Cortex	4	0.243137	0.239216	0.607843	0.2	0.298039	0.65098	0.376471	0	0.752941	153
VMV3	Ventral_Stream_Visual_Cortex	4	0.192157	0.207843	0.623529	0.164706	0.270588	0.670588	0.376471	0	0.752941	154
PHA2	Medial_Temporal	13	0.345098	0.352941	0.34902	0.290196	0.4	0.380392	0.25098	0.188235	0.25098	155
V4t	MT+_Complex_and_Neighboring_Visual_Areas	5	0.054902	0.309804	0.501961	0.0509804	0.411765	0.501961	0.12549	0.501961	0.501961	156
FST	MT+_Complex_and_Neighboring_Visual_Areas	5	0.360784	0.615686	0.6	0.286275	0.643137	0.584314	0.12549	0.501961	0.501961	157
V3CD	MT+_Complex_and_Neighboring_Visual_Areas	5	0.0588235	0.180392	0.713726	0.0862745	0.286275	0.8	0.12549	0.501961	0.501961	158
LO3	MT+_Complex_and_Neighboring_Visual_Areas	5	0.211765	0.368627	0.627451	0.219608	0.427451	0.666667	0.12549	0.501961	0.501961	159
VMV2	Ventral_Stream_Visual_Cortex	4	0.262745	0.243137	0.631373	0.231373	0.298039	0.678431	0.376471	0	0.752941	160
31pd	Posterior_Cingulate	18	0.219608	0.0862745	0.176471	0.305882	0.105882	0.235294	0.501961	0.12549	0.376471	161
31a	Posterior_Cingulate	18	0.560784	0.411765	0.521569	0.552941	0.419608	0.52549	0.501961	0.12549	0.376471	162
VVC	Ventral_Stream_Visual_Cortex	4	0.207843	0.239216	0.486275	0.207843	0.313726	0.529412	0.376471	0	0.752941	163
25	Anterior_Cingulate	19	0.141176	0.0941176	0.054902	0.101961	0.0745098	0.0470588	0.376471	0.25098	0.12549	164
s32	Anterior_Cingulate	19	0.180392	0.137255	0.0823529	0.105882	0.0745098	0.0352941	0.376471	0.25098	0.12549	165
pOFC	Orbital_and_Polar_Frontal_Cortex	20	0.298039	0.188235	0.207843	0.301961	0.207843	0.239216	0.752941	0.752941	0.752941	166
PoI1	Insular_Cortex	12	0.643137	0.407843	0.380392	0.65098	0.419608	0.403922	1	0.627451	0.752941	167
Ig	Insular_Cortex	12	0.431373	0.482353	0.141176	0.423529	0.509804	0.160784	1	0.627451	0.752941	168
FOP5	Insular_Cortex	12	0.639216	0.4	0.411765	0.721569	0.415686	0.466667	1	0.627451	0.752941	169
p10p	Orbital_and_Polar_Frontal_Cortex	20	0.34902	0.25098	0.298039	0.360784	0.27451	0.32549	0.752941	0.752941	0.752941	170
p47r	Inferior_Frontal_Cortex	21	0.494118	0.482353	0.439216	0.584314	0.478431	0.478431	0.188235	0.12549	0.0627451	171
TGv	Lateral_Temporal_Cortex	14	0.180392	0.2	0.164706	0.219608	0.254902	0.211765	0.12549	0.12549	0.12549	172
MBelt	Early_Auditory_Cortex	10	0.733333	0.117647	0.0941176	0.737255	0.0666667	0.101961	1	0	0	173
LBelt	Early_Auditory_Cortex	10	0.913725	0.0705882	0.105882	0.847059	0.0941176	0.109804	1	0	0	174
A4	Auditory_Association_Cortex	11	0.596078	0.152941	0.0156863	0.588235	0.156863	0.0313726	0.501961	0	0	175
STSva	Auditory_Association_Cortex	11	0.156863	0.129412	0.0862745	0.192157	0.156863	0.137255	0.501961	0	0	176
TE1m	Lateral_Temporal_Cortex	14	0.231373	0.176471	0.168627	0.321569	0.211765	0.231373	0.12549	0.12549	0.12549	177
PI	Insular_Cortex	12	0.478431	0.196078	0.196078	0.505882	0.231373	0.243137	1	0.627451	0.752941	178
a32pr	Anterior_Cingulate	19	0.509804	0.247059	0.341176	0.596078	0.317647	0.427451	0.376471	0.25098	0.12549	179
p24	Anterior_Cingulate	19	0.482353	0.137255	0.290196	0.478431	0.172549	0.317647	0.376471	0.25098	0.12549	180