contrast,parcel,group1,group2,meandiff,p-adj,lower,upper,reject
real_vs_rest,83,L2_High,L2_Low,0.3235,0.6447,-0.5674,1.2144,False
real_vs_rest,83,L2_High,Native,-1.6146,0.0,-2.3682,-0.8611,True
real_vs_rest,83,L2_Low,Native,-1.9382,0.0,-2.7261,-1.1502,True
real_vs_rest,82,L2_High,L2_Low,-1.0304,0.0257,-1.9495,-0.1113,True
real_vs_rest,82,L2_High,Native,-1.7368,0.0,-2.5143,-0.9593,True
real_vs_rest,82,L2_Low,Native,-0.7064,0.0977,-1.5192,0.1065,False
real_vs_rest,145,L2_High,L2_Low,0.7706,0.2327,-0.3696,1.9109,False
real_vs_rest,145,L2_High,Native,-1.3389,0.0052,-2.3035,-0.3744,True
real_vs_rest,145,L2_Low,Native,-2.1096,0.0001,-3.118,-1.1011,True
real_vs_rest,80,L2_High,L2_Low,0.1683,0.9546,-1.2687,1.6054,False
real_vs_rest,80,L2_High,Native,-1.8594,0.0021,-3.075,-0.6437,True
real_vs_rest,80,L2_Low,Native,-2.0277,0.0014,-3.2987,-0.7567,True
real_vs_rest,144,L2_High,L2_Low,-0.0811,0.9832,-1.2286,1.0663,False
real_vs_rest,144,L2_High,Native,-1.5302,0.0016,-2.5008,-0.5596,True
real_vs_rest,144,L2_Low,Native,-1.4491,0.0041,-2.4639,-0.4342,True
real_vs_rest,79,L2_High,L2_Low,0.0318,0.9989,-1.7086,1.7721,False
real_vs_rest,79,L2_High,Native,-2.1759,0.003,-3.6481,-0.7037,True
real_vs_rest,79,L2_Low,Native,-2.2077,0.0039,-3.7469,-0.6685,True
real_vs_rest,12,L2_High,L2_Low,-0.0067,0.9999,-1.4767,1.4632,False
real_vs_rest,12,L2_High,Native,-1.8117,0.0034,-3.0551,-0.5683,True
real_vs_rest,12,L2_Low,Native,-1.805,0.0052,-3.1051,-0.5049,True
real_vs_rest,81,L2_High,L2_Low,0.1376,0.9725,-1.378,1.6531,False
real_vs_rest,81,L2_High,Native,-1.7008,0.0076,-2.9828,-0.4188,True
real_vs_rest,81,L2_Low,Native,-1.8384,0.0058,-3.1788,-0.498,True
real_vs_rest,113,L2_High,L2_Low,-2.4508,0.0012,-3.9663,-0.9353,True
real_vs_rest,113,L2_High,Native,-0.9258,0.1918,-2.2077,0.3562,False
real_vs_rest,113,L2_Low,Native,1.525,0.0233,0.1847,2.8653,True
real_vs_rest,11,L2_High,L2_Low,-0.4625,0.7223,-1.9453,1.0204,False
real_vs_rest,11,L2_High,Native,-1.8231,0.0035,-3.0775,-0.5688,True
real_vs_rest,11,L2_Low,Native,-1.3607,0.0408,-2.6721,-0.0492,True
fake_vs_rest,125,L2_High,L2_Low,-0.06,0.9918,-1.2751,1.1551,False
fake_vs_rest,125,L2_High,Native,2.0679,0.0001,1.04,3.0958,True
fake_vs_rest,125,L2_Low,Native,2.1279,0.0001,1.0532,3.2025,True
fake_vs_rest,129,L2_High,L2_Low,-0.6617,0.4237,-1.9532,0.6298,False
fake_vs_rest,129,L2_High,Native,1.5449,0.0044,0.4524,2.6374,True
fake_vs_rest,129,L2_Low,Native,2.2066,0.0002,1.0643,3.3489,True
fake_vs_rest,107,L2_High,L2_Low,-0.3893,0.7477,-1.7105,0.9319,False
fake_vs_rest,107,L2_High,Native,1.6963,0.0023,0.5787,2.8139,True
fake_vs_rest,107,L2_Low,Native,2.0856,0.0004,0.9171,3.2541,True
fake_vs_rest,123,L2_High,L2_Low,-0.6562,0.2581,-1.6657,0.3534,False
fake_vs_rest,123,L2_High,Native,1.0441,0.0142,0.1901,1.8981,True
fake_vs_rest,123,L2_Low,Native,1.7003,0.0002,0.8074,2.5932,True
real_vs_fake,125,L2_High,L2_Low,0.1156,0.9751,-1.2239,1.455,False
real_vs_fake,125,L2_High,Native,-2.2555,0.0001,-3.3886,-1.1225,True
real_vs_fake,125,L2_Low,Native,-2.3711,0.0001,-3.5557,-1.1865,True
real_vs_fake,175,L2_High,L2_Low,-0.0886,0.9772,-1.1617,0.9845,False
real_vs_fake,175,L2_High,Native,-1.852,0.0001,-2.7597,-0.9442,True
real_vs_fake,175,L2_Low,Native,-1.7634,0.0003,-2.7125,-0.8143,True
real_vs_fake,107,L2_High,L2_Low,-0.7168,0.3484,-1.9744,0.5408,False
real_vs_fake,107,L2_High,Native,-2.3914,0.0,-3.4552,-1.3276,True
real_vs_fake,107,L2_Low,Native,-1.6746,0.0025,-2.7869,-0.5623,True
real_vs_fake,12,L2_High,L2_Low,0.0992,0.9812,-1.228,1.4265,False
real_vs_fake,12,L2_High,Native,-2.0287,0.0004,-3.1514,-0.906,True
real_vs_fake,12,L2_Low,Native,-2.1279,0.0003,-3.3017,-0.9541,True
real_vs_fake,79,L2_High,L2_Low,0.3195,0.915,-1.6507,2.2897,False
real_vs_fake,79,L2_High,Native,-2.6288,0.0016,-4.2954,-0.9622,True
real_vs_fake,79,L2_Low,Native,-2.9483,0.0007,-4.6909,-1.2058,True
real_vs_fake,145,L2_High,L2_Low,0.8811,0.2916,-0.5435,2.3057,False
real_vs_fake,145,L2_High,Native,-1.4176,0.0187,-2.6227,-0.2125,True
real_vs_fake,145,L2_Low,Native,-2.2987,0.0003,-3.5587,-1.0388,True
real_vs_fake,81,L2_High,L2_Low,0.691,0.6593,-1.2631,2.6452,False
real_vs_fake,81,L2_High,Native,-2.2141,0.007,-3.8671,-0.561,True
real_vs_fake,81,L2_Low,Native,-2.9051,0.0008,-4.6335,-1.1768,True
real_vs_fake,129,L2_High,L2_Low,0.197,0.9543,-1.4784,1.8724,False
real_vs_fake,129,L2_High,Native,-1.9091,0.0067,-3.3263,-0.4919,True
real_vs_fake,129,L2_Low,Native,-2.1061,0.0042,-3.5879,-0.6243,True
real_vs_fake,178,L2_High,L2_Low,-0.8221,0.1801,-1.938,0.2938,False
real_vs_fake,178,L2_High,Native,-1.5624,0.001,-2.5063,-0.6185,True
real_vs_fake,178,L2_Low,Native,-0.7402,0.1699,-1.7272,0.2467,False
real_vs_fake,139,L2_High,L2_Low,0.3306,0.8328,-1.0868,1.748,False
real_vs_fake,139,L2_High,Native,-1.4857,0.0129,-2.6847,-0.2867,True
real_vs_fake,139,L2_Low,Native,-1.8163,0.0036,-3.07,-0.5627,True
real_vs_fake,83,L2_High,L2_Low,0.6094,0.6017,-0.9484,2.1671,False
real_vs_fake,83,L2_High,Native,-1.4725,0.0262,-2.7902,-0.1548,True
real_vs_fake,83,L2_Low,Native,-2.0819,0.0024,-3.4596,-0.7041,True
real_vs_fake,123,L2_High,L2_Low,-0.1057,0.9745,-1.3148,1.1035,False
real_vs_fake,123,L2_High,Native,-1.4369,0.0047,-2.4597,-0.4141,True
real_vs_fake,123,L2_Low,Native,-1.3312,0.0125,-2.4007,-0.2618,True
real_vs_fake,82,L2_High,L2_Low,-0.2637,0.8464,-1.4482,0.9208,False
real_vs_fake,82,L2_High,Native,-1.3892,0.0053,-2.3912,-0.3872,True
real_vs_fake,82,L2_Low,Native,-1.1255,0.0334,-2.1732,-0.0779,True
real_vs_fake_in_positive,107,L2_High,L2_Low,-0.2684,0.7995,-1.3082,0.7714,False
real_vs_fake_in_positive,107,L2_High,Native,-1.7319,0.0001,-2.6115,-0.8523,True
real_vs_fake_in_positive,107,L2_Low,Native,-1.4634,0.0014,-2.3831,-0.5438,True
real_vs_fake_in_positive,125,L2_High,L2_Low,0.0388,0.996,-1.0817,1.1592,False
real_vs_fake_in_positive,125,L2_High,Native,-1.6039,0.0007,-2.5517,-0.656,True
real_vs_fake_in_positive,125,L2_Low,Native,-1.6426,0.0009,-2.6336,-0.6516,True
real_vs_fake_in_positive,175,L2_High,L2_Low,0.0219,0.9983,-0.9602,1.004,False
real_vs_fake_in_positive,175,L2_High,Native,-1.2834,0.0019,-2.1142,-0.4527,True
real_vs_fake_in_positive,175,L2_Low,Native,-1.3053,0.0025,-2.1739,-0.4367,True
real_vs_fake_in_positive,145,L2_High,L2_Low,0.0631,0.9916,-1.2,1.3262,False
real_vs_fake_in_positive,145,L2_High,Native,-1.5385,0.0038,-2.607,-0.4701,True
real_vs_fake_in_positive,145,L2_Low,Native,-1.6016,0.0039,-2.7187,-0.4845,True
real_vs_fake_in_negative,12,L2_High,L2_Low,-0.2283,0.8932,-1.4758,1.0193,False
real_vs_fake_in_negative,12,L2_High,Native,-1.8893,0.0004,-2.9447,-0.834,True
real_vs_fake_in_negative,12,L2_Low,Native,-1.661,0.0025,-2.7644,-0.5577,True
real_vs_fake_in_negative,79,L2_High,L2_Low,0.2531,0.9202,-1.3599,1.866,False
real_vs_fake_in_negative,79,L2_High,Native,-2.1425,0.0016,-3.5069,-0.7781,True
real_vs_fake_in_negative,79,L2_Low,Native,-2.3955,0.0008,-3.8221,-0.969,True
real_vs_fake_in_negative,81,L2_High,L2_Low,0.7527,0.5251,-0.9511,2.4565,False
real_vs_fake_in_negative,81,L2_High,Native,-1.8214,0.0111,-3.2627,-0.3802,True
real_vs_fake_in_negative,81,L2_Low,Native,-2.5742,0.0007,-4.0811,-1.0673,True
real_vs_fake_in_negative,125,L2_High,L2_Low,0.1268,0.9687,-1.1823,1.4359,False
real_vs_fake_in_negative,125,L2_High,Native,-1.5859,0.004,-2.6933,-0.4785,True
real_vs_fake_in_negative,125,L2_Low,Native,-1.7127,0.0029,-2.8705,-0.5549,True
real_vs_fake_in_negative,107,L2_High,L2_Low,-0.7451,0.2791,-1.9279,0.4377,False
real_vs_fake_in_negative,107,L2_High,Native,-1.6519,0.001,-2.6525,-0.6514,True
real_vs_fake_in_negative,107,L2_Low,Native,-0.9068,0.0987,-1.9529,0.1393,False
real_vs_fake_in_negative,175,L2_High,L2_Low,-0.1463,0.9401,-1.2291,0.9364,False
real_vs_fake_in_negative,175,L2_High,Native,-1.3355,0.0034,-2.2514,-0.4196,True
real_vs_fake_in_negative,175,L2_Low,Native,-1.1891,0.0127,-2.1467,-0.2315,True
real_vs_rest_in_positive,83,L2_High,L2_Low,0.2619,0.7902,-0.7269,1.2507,False
real_vs_rest_in_positive,83,L2_High,Native,-1.3584,0.0012,-2.1948,-0.522,True
real_vs_rest_in_positive,83,L2_Low,Native,-1.6203,0.0003,-2.4948,-0.7458,True
real_vs_rest_in_positive,178,L2_High,L2_Low,-0.9728,0.0284,-1.8547,-0.0909,True
real_vs_rest_in_positive,178,L2_High,Native,-1.5086,0.0001,-2.2546,-0.7626,True
real_vs_rest_in_positive,178,L2_Low,Native,-0.5358,0.2224,-1.3158,0.2442,False
real_vs_rest_in_positive,113,L2_High,L2_Low,-2.0604,0.0002,-3.1637,-0.9571,True
real_vs_rest_in_positive,113,L2_High,Native,-1.1729,0.0116,-2.1062,-0.2396,True
real_vs_rest_in_positive,113,L2_Low,Native,0.8874,0.08,-0.0884,1.8632,False
real_vs_rest_in_positive,107,L2_High,L2_Low,-1.484,0.0294,-2.8371,-0.1308,True
real_vs_rest_in_positive,107,L2_High,Native,-2.061,0.0004,-3.2056,-0.9164,True
real_vs_rest_in_positive,107,L2_Low,Native,-0.577,0.466,-1.7738,0.6197,False
real_vs_rest_in_positive,79,L2_High,L2_Low,-0.1135,0.9752,-1.4309,1.204,False
real_vs_rest_in_positive,79,L2_High,Native,-1.7223,0.0019,-2.8367,-0.6079,True
real_vs_rest_in_positive,79,L2_Low,Native,-1.6089,0.0055,-2.774,-0.4437,True
real_vs_rest_in_positive,145,L2_High,L2_Low,0.4506,0.6095,-0.7164,1.6176,False
real_vs_rest_in_positive,145,L2_High,Native,-1.1744,0.0173,-2.1616,-0.1873,True
real_vs_rest_in_positive,145,L2_Low,Native,-1.625,0.0016,-2.6572,-0.5929,True
real_vs_rest_in_positive,12,L2_High,L2_Low,-0.3069,0.8207,-1.5728,0.959,False
real_vs_rest_in_positive,12,L2_High,Native,-1.6107,0.0025,-2.6815,-0.5398,True
real_vs_rest_in_positive,12,L2_Low,Native,-1.3038,0.02,-2.4234,-0.1841,True
real_vs_rest_in_positive,167,L2_High,L2_Low,-1.3618,0.0068,-2.3743,-0.3494,True
real_vs_rest_in_positive,167,L2_High,Native,-1.2669,0.0029,-2.1234,-0.4105,True
real_vs_rest_in_positive,167,L2_Low,Native,0.0949,0.9627,-0.8006,0.9904,False
real_vs_rest_in_positive,80,L2_High,L2_Low,0.1996,0.9171,-1.0475,1.4468,False
real_vs_rest_in_positive,80,L2_High,Native,-1.3125,0.0125,-2.3674,-0.2575,True
real_vs_rest_in_positive,80,L2_Low,Native,-1.5121,0.0058,-2.6151,-0.4091,True
real_vs_rest_in_positive,175,L2_High,L2_Low,-0.1485,0.946,-1.3071,1.0101,False
real_vs_rest_in_positive,175,L2_High,Native,-1.363,0.0051,-2.3431,-0.383,True
real_vs_rest_in_positive,175,L2_Low,Native,-1.2146,0.0177,-2.2393,-0.1899,True
real_vs_rest_in_positive,82,L2_High,L2_Low,-0.8654,0.1682,-2.0158,0.285,False
real_vs_rest_in_positive,82,L2_High,Native,-1.5357,0.0016,-2.5089,-0.5626,True
real_vs_rest_in_positive,82,L2_Low,Native,-0.6703,0.2492,-1.6878,0.3471,False
real_vs_rest_in_positive,100,L2_High,L2_Low,-1.4185,0.0068,-2.4731,-0.364,True
real_vs_rest_in_positive,100,L2_High,Native,-1.2749,0.004,-2.1669,-0.3828,True
real_vs_rest_in_positive,100,L2_Low,Native,0.1437,0.923,-0.789,1.0764,False
real_vs_rest_in_positive,99,L2_High,L2_Low,-1.5666,0.0025,-2.6069,-0.5264,True
real_vs_rest_in_positive,99,L2_High,Native,-1.0603,0.0158,-1.9403,-0.1804,True
real_vs_rest_in_positive,99,L2_Low,Native,0.5063,0.3732,-0.4137,1.4263,False
real_vs_rest_in_positive,109,L2_High,L2_Low,-0.7047,0.3482,-1.9406,0.5312,False
real_vs_rest_in_positive,109,L2_High,Native,-1.5438,0.003,-2.5893,-0.4984,True
real_vs_rest_in_positive,109,L2_Low,Native,-0.8392,0.1571,-1.9322,0.2539,False
real_vs_rest_in_positive,106,L2_High,L2_Low,-1.3407,0.0174,-2.4688,-0.2125,True
real_vs_rest_in_positive,106,L2_High,Native,-1.3564,0.0042,-2.3107,-0.4021,True
real_vs_rest_in_positive,106,L2_Low,Native,-0.0157,0.9992,-1.0134,0.9821,False
real_vs_rest_in_positive,85,L2_High,L2_Low,-0.1243,0.9665,-1.3627,1.1141,False
real_vs_rest_in_positive,85,L2_High,Native,-1.3423,0.01,-2.3898,-0.2947,True
real_vs_rest_in_positive,85,L2_Low,Native,-1.218,0.027,-2.3133,-0.1227,True
fake_vs_rest_in_negative,125,L2_High,L2_Low,0.3284,0.8265,-1.0512,1.7079,False
fake_vs_rest_in_negative,125,L2_High,Native,2.0203,0.0006,0.8533,3.1873,True
fake_vs_rest_in_negative,125,L2_Low,Native,1.6919,0.0053,0.4718,2.9121,True
fake_vs_rest_in_negative,129,L2_High,L2_Low,-0.12,0.968,-1.3449,1.1049,False
fake_vs_rest_in_negative,129,L2_High,Native,1.5676,0.0024,0.5314,2.6037,True
fake_vs_rest_in_negative,129,L2_Low,Native,1.6876,0.0018,0.6042,2.7709,True
fake_vs_rest_in_negative,107,L2_High,L2_Low,0.1657,0.9512,-1.1964,1.5278,False
fake_vs_rest_in_negative,107,L2_High,Native,1.7619,0.0021,0.6097,2.9141,True
fake_vs_rest_in_negative,107,L2_Low,Native,1.5962,0.0077,0.3915,2.8009,True
fake_vs_rest_in_negative,79,L2_High,L2_Low,-0.1957,0.9398,-1.6393,1.248,False
fake_vs_rest_in_negative,79,L2_High,Native,1.6316,0.0072,0.4105,2.8528,True
fake_vs_rest_in_negative,79,L2_Low,Native,1.8273,0.004,0.5505,3.1041,True
fake_vs_rest_in_negative,123,L2_High,L2_Low,-0.0709,0.9858,-1.1622,1.0204,False
fake_vs_rest_in_negative,123,L2_High,Native,1.2434,0.0067,0.3202,2.1666,True
fake_vs_rest_in_negative,123,L2_Low,Native,1.3143,0.0061,0.3491,2.2795,True
fake_vs_rest_in_negative,139,L2_High,L2_Low,-0.1853,0.9298,-1.4479,1.0773,False
fake_vs_rest_in_negative,139,L2_High,Native,1.3718,0.0098,0.3037,2.4398,True
fake_vs_rest_in_negative,139,L2_Low,Native,1.5571,0.005,0.4404,2.6738,True
fake_vs_rest_in_negative,175,L2_High,L2_Low,0.7532,0.3699,-0.6092,2.1157,False
fake_vs_rest_in_negative,175,L2_High,Native,1.7911,0.0018,0.6386,2.9436,True
fake_vs_rest_in_negative,175,L2_Low,Native,1.0378,0.1014,-0.1671,2.2428,False
fake_vs_rest_in_negative,81,L2_High,L2_Low,-0.552,0.6279,-2.0277,0.9237,False
fake_vs_rest_in_negative,81,L2_High,Native,1.3502,0.032,0.1019,2.5985,True
fake_vs_rest_in_negative,81,L2_Low,Native,1.9022,0.0034,0.5971,3.2074,True
